Workbook

Sheet 予定作成
B2: 治療予定の作成（1患者ずつ）
B3: 黄色セルに入力すると、全サイクルの治療日・入院日・退院日・発注締切を自動計算します。
B5: 患者ID | C5: （例）P-001
B6: 患者名（任意） | C6: （例）山田 太郎
B7: 薬剤 | C7: ルタテラ
B8: 第1サイクルの治療日 | C8: 46266
B9: 予定サイクル数 | C9: 4
B10: 治療間隔（日・自動） | C10: =IFERROR(INDEX(設定!$C$4:$C$5,MATCH(C7,設定!$B$4:$B$5,0)),"薬剤を選択")
B12: サイクル | C12: 治療日 | D12: 入院日(前営業日) | E12: 退院日(翌日) | F12: 発注締切(2週前の月17時)
B13: 1 | C13: =IF($C$9>=1,$C$8+$C$10*(1-1),"") | D13: =IF(C13="","",WORKDAY(C13,-1,設定!$E$4:$E$40)) | E13: =IF(C13="","",C13+1) | F13: =IF(C13="","",(C13-(WEEKDAY(C13,2)-1)-14)+17/24)
B14: 2 | C14: =IF($C$9>=2,$C$8+$C$10*(2-1),"") | D14: =IF(C14="","",WORKDAY(C14,-1,設定!$E$4:$E$40)) | E14: =IF(C14="","",C14+1) | F14: =IF(C14="","",(C14-(WEEKDAY(C14,2)-1)-14)+17/24)
B15: 3 | C15: =IF($C$9>=3,$C$8+$C$10*(3-1),"") | D15: =IF(C15="","",WORKDAY(C15,-1,設定!$E$4:$E$40)) | E15: =IF(C15="","",C15+1) | F15: =IF(C15="","",(C15-(WEEKDAY(C15,2)-1)-14)+17/24)
B16: 4 | C16: =IF($C$9>=4,$C$8+$C$10*(4-1),"") | D16: =IF(C16="","",WORKDAY(C16,-1,設定!$E$4:$E$40)) | E16: =IF(C16="","",C16+1) | F16: =IF(C16="","",(C16-(WEEKDAY(C16,2)-1)-14)+17/24)
B17: 5 | C17: =IF($C$9>=5,$C$8+$C$10*(5-1),"") | D17: =IF(C17="","",WORKDAY(C17,-1,設定!$E$4:$E$40)) | E17: =IF(C17="","",C17+1) | F17: =IF(C17="","",(C17-(WEEKDAY(C17,2)-1)-14)+17/24)
B18: 6 | C18: =IF($C$9>=6,$C$8+$C$10*(6-1),"") | D18: =IF(C18="","",WORKDAY(C18,-1,設定!$E$4:$E$40)) | E18: =IF(C18="","",C18+1) | F18: =IF(C18="","",(C18-(WEEKDAY(C18,2)-1)-14)+17/24)
B20: ※ 上の結果を「治療予定」シートへ転記して全患者を一覧管理します（重複は自動で色が付きます）。

Sheet 治療予定
A1: 治療予定（全患者一覧） ※同じ週に2件以上あると赤く表示されます
A3: 患者ID | B3: 患者名 | C3: 薬剤 | D3: サイクル | E3: 治療日 | F3: 入院日 | G3: 退院日 | H3: 発注締切 | I3: 治療週(月) | J3: 同週の件数
A4: （例）P-001 | B4: （例）山田 | C4: ルタテラ | D4: 1 | E4: 46266 | F4: =IF($E4="","",WORKDAY($E4,-1,設定!$E$4:$E$40)) | G4: =IF($E4="","",$E4+1) | H4: =IF($E4="","",($E4-(WEEKDAY($E4,2)-1)-14)+17/24) | I4: =IF($E4="","",$E4-(WEEKDAY($E4,2)-1)) | J4: =IF($E4="","",COUNTIF($I$4:$I$203,$I4))
A5: （例）P-001 | B5: （例）山田 | C5: ルタテラ | D5: 2 | E5: 46322 | F5: =IF($E5="","",WORKDAY($E5,-1,設定!$E$4:$E$40)) | G5: =IF($E5="","",$E5+1) | H5: =IF($E5="","",($E5-(WEEKDAY($E5,2)-1)-14)+17/24) | I5: =IF($E5="","",$E5-(WEEKDAY($E5,2)-1)) | J5: =IF($E5="","",COUNTIF($I$4:$I$203,$I5))
A6: （例）P-002 | B6: （例）佐藤 | C6: プルヴィクト | D6: 1 | E6: 46273 | F6: =IF($E6="","",WORKDAY($E6,-1,設定!$E$4:$E$40)) | G6: =IF($E6="","",$E6+1) | H6: =IF($E6="","",($E6-(WEEKDAY($E6,2)-1)-14)+17/24) | I6: =IF($E6="","",$E6-(WEEKDAY($E6,2)-1)) | J6: =IF($E6="","",COUNTIF($I$4:$I$203,$I6))
F7: =IF($E7="","",WORKDAY($E7,-1,設定!$E$4:$E$40)) | G7: =IF($E7="","",$E7+1) | H7: =IF($E7="","",($E7-(WEEKDAY($E7,2)-1)-14)+17/24) | I7: =IF($E7="","",$E7-(WEEKDAY($E7,2)-1)) | J7: =IF($E7="","",COUNTIF($I$4:$I$203,$I7))
F8: =IF($E8="","",WORKDAY($E8,-1,設定!$E$4:$E$40)) | G8: =IF($E8="","",$E8+1) | H8: =IF($E8="","",($E8-(WEEKDAY($E8,2)-1)-14)+17/24) | I8: =IF($E8="","",$E8-(WEEKDAY($E8,2)-1)) | J8: =IF($E8="","",COUNTIF($I$4:$I$203,$I8))
F9: =IF($E9="","",WORKDAY($E9,-1,設定!$E$4:$E$40)) | G9: =IF($E9="","",$E9+1) | H9: =IF($E9="","",($E9-(WEEKDAY($E9,2)-1)-14)+17/24) | I9: =IF($E9="","",$E9-(WEEKDAY($E9,2)-1)) | J9: =IF($E9="","",COUNTIF($I$4:$I$203,$I9))
F10: =IF($E10="","",WORKDAY($E10,-1,設定!$E$4:$E$40)) | G10: =IF($E10="","",$E10+1) | H10: =IF($E10="","",($E10-(WEEKDAY($E10,2)-1)-14)+17/24) | I10: =IF($E10="","",$E10-(WEEKDAY($E10,2)-1)) | J10: =IF($E10="","",COUNTIF($I$4:$I$203,$I10))
F11: =IF($E11="","",WORKDAY($E11,-1,設定!$E$4:$E$40)) | G11: =IF($E11="","",$E11+1) | H11: =IF($E11="","",($E11-(WEEKDAY($E11,2)-1)-14)+17/24) | I11: =IF($E11="","",$E11-(WEEKDAY($E11,2)-1)) | J11: =IF($E11="","",COUNTIF($I$4:$I$203,$I11))
F12: =IF($E12="","",WORKDAY($E12,-1,設定!$E$4:$E$40)) | G12: =IF($E12="","",$E12+1) | H12: =IF($E12="","",($E12-(WEEKDAY($E12,2)-1)-14)+17/24) | I12: =IF($E12="","",$E12-(WEEKDAY($E12,2)-1)) | J12: =IF($E12="","",COUNTIF($I$4:$I$203,$I12))
F13: =IF($E13="","",WORKDAY($E13,-1,設定!$E$4:$E$40)) | G13: =IF($E13="","",$E13+1) | H13: =IF($E13="","",($E13-(WEEKDAY($E13,2)-1)-14)+17/24) | I13: =IF($E13="","",$E13-(WEEKDAY($E13,2)-1)) | J13: =IF($E13="","",COUNTIF($I$4:$I$203,$I13))
F14: =IF($E14="","",WORKDAY($E14,-1,設定!$E$4:$E$40)) | G14: =IF($E14="","",$E14+1) | H14: =IF($E14="","",($E14-(WEEKDAY($E14,2)-1)-14)+17/24) | I14: =IF($E14="","",$E14-(WEEKDAY($E14,2)-1)) | J14: =IF($E14="","",COUNTIF($I$4:$I$203,$I14))
F15: =IF($E15="","",WORKDAY($E15,-1,設定!$E$4:$E$40)) | G15: =IF($E15="","",$E15+1) | H15: =IF($E15="","",($E15-(WEEKDAY($E15,2)-1)-14)+17/24) | I15: =IF($E15="","",$E15-(WEEKDAY($E15,2)-1)) | J15: =IF($E15="","",COUNTIF($I$4:$I$203,$I15))
F16: =IF($E16="","",WORKDAY($E16,-1,設定!$E$4:$E$40)) | G16: =IF($E16="","",$E16+1) | H16: =IF($E16="","",($E16-(WEEKDAY($E16,2)-1)-14)+17/24) | I16: =IF($E16="","",$E16-(WEEKDAY($E16,2)-1)) | J16: =IF($E16="","",COUNTIF($I$4:$I$203,$I16))
F17: =IF($E17="","",WORKDAY($E17,-1,設定!$E$4:$E$40)) | G17: =IF($E17="","",$E17+1) | H17: =IF($E17="","",($E17-(WEEKDAY($E17,2)-1)-14)+17/24) | I17: =IF($E17="","",$E17-(WEEKDAY($E17,2)-1)) | J17: =IF($E17="","",COUNTIF($I$4:$I$203,$I17))
F18: =IF($E18="","",WORKDAY($E18,-1,設定!$E$4:$E$40)) | G18: =IF($E18="","",$E18+1) | H18: =IF($E18="","",($E18-(WEEKDAY($E18,2)-1)-14)+17/24) | I18: =IF($E18="","",$E18-(WEEKDAY($E18,2)-1)) | J18: =IF($E18="","",COUNTIF($I$4:$I$203,$I18))
... F203: =IF($E203="","",WORKDAY($E203,-1,設定!$E$4:$E$40)) | G203: =IF($E203="","",$E203+1) | H203: =IF($E203="","",($E203-(WEEKDAY($E203,2)-1)-14)+17/24) | I203: =IF($E203="","",$E203-(WEEKDAY($E203,2)-1)) | J203: =IF($E203="","",COUNTIF($I$4:$I$203,$I203))
A205: ※ 患者ID・患者名・薬剤・サイクル・治療日 を入力。入院日/退院日/発注締切/治療週/件数は自動計算。
A206: ※ 例の行（灰色）は削除してお使いください。

Sheet 設定
A1: 設定（定数・祝日）
B3: 薬剤 | C3: 治療間隔(日) | E3: 祝日リスト（入院日計算で除外） | F3: ※祝日は必要に応じ確認・追記してください
B4: プルヴィクト | C4: 42 | E4: 46023
B5: ルタテラ | C5: 56 | E5: 46034
E6: 46064
B7: 治療間隔：プルヴィクト6週(42日)／ルタテラ8週(56日) | E7: 46076
E8: 46101
E9: 46141
E10: 46145
E11: 46146
E12: 46147
E13: 46148
E14: 46223
E15: 46245
E16: 46286
E17: 46287
E18: 46288
E19: 46307
... E38: 46714

Sheet 使い方
A1: Lu-177 治療スケジュール（Excel版）― 使い方
A3: 【これは何？】
A4: 正式なアプリ導入までの暫定運用として、治療日程を管理するExcelです。
A6: 【使う順番】
A7: 1. 「予定作成」シートで、患者ごとに 薬剤・第1治療日・サイクル数 を入力 → 全サイクルの日程が出ます。
A8: 2. 出た治療日を「治療予定」シートに転記（患者ID・薬剤・サイクル・治療日）。入院日/退院日/発注締切は自動。
A9: 3. 「治療予定」で、同じ週に2件以上入ると行が赤くなります（週1件ルールの目安）。重なったら日程をずらします。
A11: 【自動計算のルール】
A12: ・治療間隔：プルヴィクト42日／ルタテラ56日（設定シート）
A13: ・入院日：治療日の前営業日（土日・祝日を除く）／退院日：治療日の翌日
A14: ・発注締切：治療日の週の月曜の2週間前の月曜 17:00
A16: 【注意】
... A18: 祝日リストは設定シートにあります。年度が変わったら確認・追記してください。
